id;conditionIndex;positionx;positiony;leftHandInHeater;rightHandInHeater;timestamp;gender;questionnairePhase
7;1;-0.035;0;False;False;1789576087126;indemographics;False
7;1;-0.035;0;False;False;1789576087623;indemographics;False
7;1;-0.035;0;False;False;1789576088123;indemographics;False
7;1;-0.035;0;False;False;1789576088623;indemographics;False
7;1;-0.035;0;False;False;1789576089124;indemographics;False
7;1;-0.035;0;False;False;1789576089623;indemographics;False
7;1;-0.035;0;False;False;1789576090123;indemographics;False
7;1;-0.035;0;False;False;1789576090624;indemographics;False
7;1;-0.035;0;False;False;1789576091123;indemographics;False
7;1;-0.035;0;False;False;1789576091623;indemographics;False
7;1;-0.035;0;False;False;1789576092123;indemographics;False
7;1;-0.035;0;False;False;1789576092622;indemographics;False
7;1;-0.035;0;False;False;1789576093123;indemographics;False
7;1;-0.035;0;False;False;1789576093624;indemographics;False
7;1;-0.035;0;False;False;1789576094124;indemographics;False
7;1;-0.035;0;False;False;1789576094623;indemographics;False
7;1;-0.035;0;False;False;1789576095123;indemographics;False
7;1;-0.035;0;False;False;1789576095622;indemographics;False
7;1;-0.035;0;False;False;1789576096123;indemographics;False
7;1;-0.035;0;False;False;1789576096623;indemographics;False
7;1;-0.035;0;False;False;1789576097123;indemographics;False
7;1;-0.035;0;False;False;1789576097624;indemographics;False
7;1;-0.035;0;False;False;1789576098124;indemographics;False
7;1;-0.035;0;False;False;1789576098622;indemographics;False
7;1;-0.035;0;False;False;1789576099122;indemographics;False
7;1;-0.035;0;False;False;1789576099624;indemographics;False
7;1;-0.035;0;False;False;1789576100123;indemographics;False
7;1;-0.035;0;False;False;1789576100625;indemographics;False
7;1;-0.035;0;False;False;1789576101123;indemographics;False
7;1;-0.035;0;False;False;1789576101623;indemographics;False
7;1;-0.035;0;False;False;1789576102123;indemographics;False
7;1;-0.035;0;False;False;1789576102623;indemographics;False
7;1;-0.035;0;False;False;1789576103124;indemographics;False
7;1;-0.035;0;False;False;1789576103624;indemographics;False
7;1;-0.035;0;False;False;1789576104123;indemographics;False
7;1;-0.035;0;False;False;1789576104622;indemographics;False
7;1;-0.035;0;False;False;1789576105123;indemographics;False
7;1;-0.035;0;False;False;1789576105623;indemographics;False
7;1;-0.035;0;False;False;1789576106123;indemographics;False
7;1;-0.035;0;False;False;1789576106623;indemographics;False
7;1;-0.035;0;False;False;1789576107123;indemographics;False
7;1;-0.035;0;False;False;1789576107624;indemographics;False
7;1;-0.035;0;False;False;1789576108124;indemographics;False
7;1;-0.035;0;False;False;1789576108622;indemographics;False
7;1;-0.035;0;False;False;1789576109124;indemographics;False
7;1;-0.035;0;False;False;1789576109624;indemographics;False
7;1;-0.035;0;False;False;1789576110123;indemographics;False
7;1;-0.035;0;False;False;1789576110624;indemographics;False
7;1;-0.035;0;False;False;1789576111123;indemographics;False
7;1;-0.035;0;False;False;1789576111622;indemographics;False
7;1;-0.035;0;False;False;1789576112123;indemographics;False
7;1;-0.035;0;False;False;1789576112624;indemographics;False
7;1;-0.035;0;False;False;1789576113123;indemographics;False
7;1;-0.035;0;False;False;1789576113622;indemographics;False
7;1;-0.035;0;False;False;1789576114123;indemographics;False
7;1;-0.035;0;False;False;1789576114623;indemographics;False
7;1;-0.035;0;False;False;1789576115123;indemographics;False
7;1;-0.035;0;False;False;1789576115624;indemographics;False
7;1;-0.035;0;False;False;1789576116124;indemographics;False
7;1;-0.035;0;False;False;1789576116622;indemographics;False
7;1;-0.035;0;False;False;1789576117123;indemographics;False
7;1;-0.035;0;False;False;1789576117623;indemographics;False
7;1;-0.035;0;False;False;1789576118122;indemographics;False
7;1;-0.035;0;False;False;1789576118622;indemographics;False
7;1;-0.035;0;False;False;1789576119125;indemographics;False
7;1;-0.035;0;False;False;1789576119622;indemographics;False
7;1;-0.035;0;False;False;1789576120123;indemographics;False
7;1;-0.035;0;False;False;1789576120624;indemographics;False
7;1;-0.035;0;False;False;1789576121124;indemographics;False
7;1;-0.035;0;False;False;1789576121624;indemographics;False
7;1;-0.035;0;False;False;1789576122123;indemographics;False
7;1;-0.035;0;False;False;1789576122622;indemographics;False
7;1;-0.035;0;False;False;1789576123124;indemographics;False
7;1;-0.035;0;False;False;1789576123624;indemographics;False
7;1;-0.035;0;False;False;1789576124124;indemographics;False
7;1;-0.035;0;False;False;1789576124623;indemographics;False
7;1;-0.035;0;False;False;1789576125124;indemographics;False
7;1;-0.035;0;False;False;1789576125623;indemographics;False
7;1;-0.035;0;False;False;1789576126124;indemographics;False
7;1;-0.035;0;False;False;1789576126623;indemographics;False
7;1;-0.035;0;False;False;1789576127123;indemographics;False
7;1;-0.035;0;False;False;1789576127623;indemographics;False
7;1;-0.035;0;False;False;1789576128122;indemographics;False
7;1;-0.035;0;False;False;1789576128624;indemographics;False
7;1;-0.035;0;False;False;1789576129124;indemographics;False
7;1;-0.035;0;False;False;1789576129623;indemographics;False
7;1;-0.035;0;False;False;1789576130123;indemographics;False
7;1;-0.035;0;False;False;1789576130624;indemographics;False
7;1;-0.035;0;False;False;1789576131122;indemographics;False
7;1;-0.035;0;False;False;1789576131624;indemographics;False
7;1;-0.035;0;False;False;1789576132122;indemographics;False
7;1;-0.035;0;False;False;1789576132623;indemographics;False
7;1;-0.035;0;False;False;1789576133122;indemographics;False
7;1;-0.035;0;False;False;1789576133623;indemographics;False
7;1;-0.035;0;False;False;1789576134124;indemographics;False
7;1;-0.035;0;False;False;1789576134623;indemographics;False
7;1;-0.035;0;False;False;1789576135124;indemographics;False
7;1;-0.035;0;False;False;1789576135622;indemographics;False
7;1;-0.035;0;False;False;1789576136122;indemographics;False
7;1;-0.035;0;False;False;1789576136624;indemographics;False
7;1;-0.035;0;False;False;1789576137124;indemographics;False
7;1;-0.035;0;False;False;1789576137623;indemographics;False
7;1;-0.035;0;False;False;1789576138123;indemographics;False
7;1;-0.035;0;False;False;1789576138625;indemographics;False
7;1;-0.035;0;False;False;1789576139123;indemographics;False
7;1;-0.035;0;False;False;1789576139623;indemographics;False
7;1;-0.035;0;False;False;1789576140123;indemographics;False
7;1;-0.035;0;False;False;1789576140622;indemographics;False
7;1;-0.035;0;False;False;1789576141123;indemographics;False
7;1;-0.035;0;False;False;1789576141623;indemographics;False
7;1;-0.035;0;False;False;1789576142122;indemographics;False
7;1;-0.035;0;False;False;1789576142622;indemographics;False
7;1;-0.035;0;False;False;1789576143122;indemographics;False
7;1;-0.035;0;False;False;1789576143624;indemographics;False
7;1;-0.035;0;False;False;1789576144123;indemographics;False
7;1;-0.035;0;False;False;1789576144624;indemographics;False
7;1;-0.035;0;False;False;1789576145124;indemographics;False
7;1;-0.035;0;False;False;1789576145623;indemographics;False
7;1;-0.035;0;False;False;1789576146123;indemographics;False
7;1;-0.035;0;False;False;1789576146624;indemographics;False
7;1;-0.035;0;False;False;1789576147123;indemographics;False
7;1;-0.035;0;False;False;1789576147622;indemographics;False
7;1;-0.035;0;False;False;1789576148123;indemographics;False
7;1;-0.035;0;False;False;1789576148624;indemographics;False
7;1;-0.035;0;False;False;1789576149123;indemographics;False
7;1;-0.035;0;False;False;1789576149624;indemographics;False
7;1;-0.035;0;False;False;1789576150123;indemographics;False
7;1;-0.035;0;False;False;1789576150623;indemographics;False
7;1;-0.035;0;False;False;1789576151122;indemographics;False
7;1;-0.035;0;False;False;1789576151623;indemographics;False
7;1;-0.035;0;False;False;1789576152122;indemographics;False
7;1;-0.035;0;False;False;1789576152623;indemographics;False
7;1;-0.035;0;False;False;1789576153124;indemographics;False
7;1;-0.035;0;False;False;1789576153624;indemographics;False
7;1;-0.035;0;False;False;1789576154122;indemographics;False
7;1;-0.035;0;False;False;1789576154622;indemographics;False
7;1;-0.035;0;False;False;1789576155123;indemographics;False
7;1;-0.035;0;False;False;1789576155622;indemographics;False
7;1;-0.035;0;False;False;1789576156123;indemographics;False
7;1;-0.035;0;False;False;1789576156622;indemographics;False
7;1;-0.035;0;False;False;1789576157124;indemographics;False
7;1;-0.035;0;False;False;1789576157624;indemographics;False
id;conditionIndex;positionx;positiony;leftHandInHeater;rightHandInHeater;timestamp;gender;questionnairePhase
7;1;-0.035;0;False;False;1790192246927;indemographics;False
7;1;-0.035;0;False;False;1790192247426;indemographics;False
7;1;-0.035;0;False;False;1790192247926;indemographics;False
7;1;-0.035;0;False;False;1790192248426;indemographics;False
7;1;-0.035;0;False;False;1790192248927;indemographics;False
7;1;-0.035;0;False;False;1790192249427;indemographics;False
7;1;-0.035;0;False;False;1790192249925;indemographics;False
7;1;-0.035;0;False;False;1790192250425;indemographics;False
7;1;-0.035;0;False;False;1790192250926;indemographics;False
7;1;-0.035;0;False;False;1790192251426;indemographics;False
7;1;-0.035;0;False;False;1790192251925;indemographics;False
7;1;-0.035;0;False;False;1790192252426;indemographics;False
7;1;-0.035;0;False;False;1790192252926;indemographics;False
7;1;-0.035;0;False;False;1790192253426;indemographics;False
7;1;-0.035;0;False;False;1790192253925;indemographics;False
7;1;-0.035;0;False;False;1790192254426;indemographics;False
7;1;-0.035;0;False;False;1790192254926;indemographics;False
7;1;-0.035;0;False;False;1790192255426;indemographics;False
7;1;-0.035;0;False;False;1790192255925;indemographics;False
7;1;-0.035;0;False;False;1790192256425;indemographics;False
7;1;-0.035;0;False;False;1790192256925;indemographics;False
7;1;-0.035;0;False;False;1790192257426;indemographics;False
